id,slug,titulo,focus_keyword,score_inicial,score_final,estado,detalle
945,oxigeno-doble-insectos-gigantes,Oxígeno al doble: El crecimiento monstruoso de los insectos modernos,oxigeno al doble insectos,59,84,ok,Puntuacion 84 guardada
950,penalizacion-del-ahorro-multas,Penalización del ahorro: Multas por guardar dinero bajo el colchón en lugar de invertirlo,penalizacion del ahorro economia,59,84,ok,Puntuacion 84 guardada
946,pagar-por-luz-solar-corporaciones,Pagar por luz solar: Corporaciones bloqueando el sol para vender iluminación diurna,pagar por luz solar iluminacion,59,84,ok,Puntuacion 84 guardada
943,olfato-sabueso-infierno-sensorial,Olfato de sabueso: El infierno sensorial de tener un olfato amplificado mil veces,humano olfato de sabueso,59,84,ok,Puntuacion 84 guardada
940,nucleo-tierra-se-enfria,El motor apagado: Qué pasaría si el núcleo de la Tierra se enfría,nucleo de la tierra se enfria,59,84,ok,Puntuacion 84 guardada
942,olas-de-gravedad-terrestre,Olas de gravedad: Cuando el peso de las cosas cambia por segundos,fluctuaciones de gravedad,59,84,ok,Puntuacion 84 guardada
941,oceanos-agua-dulce-extincion,Océanos de agua dulce: La extinción masiva de la vida marina actual,oceanos de agua dulce,59,84,ok,Puntuacion 84 guardada
944,oro-sin-valor-asteroide,Oro sin valor: El día que un asteroide de oro macizo arruinó la economía,oro sin valor economia,59,84,ok,Puntuacion 84 guardada
939,noche-eterna-cometa-gigante,Un cometa gigante bloquea el sol: El invierno de polvo cósmico,cometa gigante bloquea sol,59,84,ok,Puntuacion 84 guardada
933,multas-segun-ingresos,Multas según ingresos: Billetes de tráfico que cuestan un millón de dólares,multas segun ingresos,59,84,ok,Puntuacion 84 guardada
936,musica-sintetica-ia-grammy,Música sintética: El año en que una IA ganó todos los premios Grammy,musica generada por inteligencia artificial,59,84,ok,Puntuacion 84 guardada
938,nanobots-medicos-privacidad,Nanobots médicos: El fin de las enfermedades a cambio de privacidad interna,nanobots medicos privacidad,59,84,ok,Puntuacion 84 guardada
937,mutacion-ocular-vision-infrarroja,Mutación ocular: Visión humana con el espectro infrarrojo de las serpientes,vision infrarroja humana,59,84,ok,Puntuacion 84 guardada
932,muerte-termica-universo-simulacion,El fin de todo: Qué pasaría si el universo sufriera su muerte térmica,muerte termica del universo,59,84,ok,Puntuacion 84 guardada
931,monopolio-corporativo-unico-omnicorp,Monopolio corporativo único: Una sola empresa controlando todos los productos del mundo,monopolio corporativo mundial,59,84,ok,Puntuacion 84 guardada
928,micro-agujero-negro-tierra,El rayo invisible: Un micro-agujero negro atravesando la Tierra a la velocidad de la luz,micro agujero negro,59,84,ok,Puntuacion 84 guardada
930,moneda-global-unica-soberania,Moneda Global Única: La pérdida de la soberanía económica de los países,moneda global unica,59,84,ok,Puntuacion 84 guardada
929,mineria-asteroides-desplome-economia,Minería de asteroides robótica: La caída libre del precio de los metales preciosos,mineria de asteroides,59,84,ok,Puntuacion 84 guardada
926,meteorito-antimateria-impacto,El gramo de la aniquilación: Un meteorito de antimateria chocando en el desierto,meteorito de antimateria,59,84,ok,Puntuacion 84 guardada
925,mercados-predictivos-extremos,Mercados predictivos extremos: Invertir en la fecha de muerte de celebridades,mercados predictivos economia,59,84,ok,Puntuacion 84 guardada
923,mercado-negro-recuerdos-digitales,Memoria expandida: El mercado negro de recuerdos digitales implantados,recuerdos digitales implantados,59,92,ok,Puntuacion 92 guardada
924,mercado-sueno-vender-descanso,El mercado del sueño: Vender tus horas de descanso para que otros trabajen por ti,mercado del sueno economia,59,84,ok,Puntuacion 84 guardada
927,meteorito-diamante-oceano,Impacto de diamante: El meteorito indestructible que no se desintegró en la atmósfera,meteorito de diamante,59,84,ok,Puntuacion 84 guardada
920,mascotas-roboticas-reemplazo,Mascotas robóticas: El reemplazo emocional de los animales de compañía,mascotas roboticas,59,84,ok,Puntuacion 84 guardada
921,materia-espejo-universo-paralelo,El reflejo invisible: Mundos enteros hechos de materia espejo,materia espejo universo paralelo,59,84,ok,Puntuacion 84 guardada
918,luz-de-estrellas-muertas-realidad,El cementerio cósmico: La luz de estrellas que ya no existen,luz de estrellas muertas,59,84,ok,Puntuacion 84 guardada
922,medicion-estres-impuestos,Medición del estrés ciudadano: Impuestos calculados según tu salud mental,medicion del estres impuestos,59,84,ok,Puntuacion 84 guardada
919,marea-roja-lunar-eclipse,El eclipse de sangre: La simulación de efectos gravitacionales extraños durante la luna roja,eclipse lunar sangre gravedad,59,84,ok,Puntuacion 84 guardada
917,luna-shatter-fragmentos,Cielo en pedazos: Si la Luna explotara y se convirtiera en un anillo de escombros,luna se destruye,59,84,ok,Puntuacion 84 guardada
916,lluvia-de-diamantes-en-neptuno,Tormentas de gemas: La simulación de una lluvia de diamantes en Neptuno,lluvia de diamantes neptuno,59,84,ok,Puntuacion 84 guardada
915,jupiter-reemplaza-luna,Júpiter en nuestro cielo: El caos si reemplazara a la Luna,jupiter en lugar de la luna,59,84,ok,Puntuacion 84 guardada
914,jueces-ia-sistema-legal,Jueces de Inteligencia Artificial: La erradicación de los jurados humanos,jueces inteligencia artificial,59,84,ok,Puntuacion 84 guardada
913,inversion-polos-magneticos-tierra,Brújulas locas: El día que los Polos Magnéticos se invirtieron en 24 horas,inversion polos magneticos,59,84,ok,Puntuacion 84 guardada
912,inversion-genetica-ninos-prodigio,Inversión genética: Comprar acciones sobre el futuro éxito de niños prodigio,inversion en ninos prodigio,59,84,ok,Puntuacion 84 guardada
909,interfaces-hapticas-dolor-internet,Interfaces hápticas totales: Sentir dolor físico a través del internet,interfaces hapticas dolor,59,84,ok,Puntuacion 84 guardada
908,intercambio-de-vidas-mercado,Intercambio de vidas: El mercado de venta de identidades completas y estatus social,venta de identidades sociales,59,84,ok,Puntuacion 84 guardada
911,invernacion-inversa-estivacion,Invernación inversa: Dormir en verano para sobrevivir al calor extremo,estivacion humana verano,59,84,ok,Puntuacion 84 guardada
910,internet-cuantico-encriptacion,Internet Cuántico: La caída de todos los sistemas de encriptación actuales,internet cuantico encriptacion,59,84,ok,Puntuacion 84 guardada
906,inmunidad-absoluta-fin-enfermedades,Inmunidad absoluta: El impacto poblacional si los virus dejaran de afectarnos,inmunidad absoluta humanos,59,84,ok,Puntuacion 84 guardada
907,inteligencia-chimpances-segunda-especie,Inteligencia en chimpancés: La aparición de la segunda especie pensante,chimpances inteligentes especie pensante,59,84,ok,Puntuacion 84 guardada
905,inmortalidad-biologica-estancamiento,Inmortalidad biológica: El estancamiento evolutivo de la especie humana,inmortalidad biologica humana,59,84,ok,Puntuacion 84 guardada
903,impuesto-belleza-fisica-genetica,Impuestos por belleza física: El intento extremo de nivelar las ventajas genéticas,impuesto a la belleza fisica,59,84,ok,Puntuacion 84 guardada
904,impuesto-carbono-personal-cuotas,Impuesto al carbono personal: Cuotas anuales de emisión para cada ciudadano,impuesto al carbono personal,59,92,ok,Puntuacion 92 guardada
902,impresion-3d-organos-humanos,Impresión 3D biológica: El colapso del sistema de salud tradicional,impresion 3d organos,59,84,ok,Puntuacion 84 guardada
899,huracanes-categoria-6-diarios,Clima extremo permanente: Sobreviviendo a huracanes diarios de categoría 6,huracanes diarios supervivencia,59,84,ok,Puntuacion 84 guardada
901,ilegalizacion-interes-prestamos,Ilegalización del interés: El colapso del sistema de préstamos e hipotecas,ilegalizacion del interes bancos,59,84,ok,Puntuacion 84 guardada
898,hologramas-fisicos-viajes,Hologramas físicos: La tecnología que reemplazará a los viajes de negocios,hologramas fisicos tecnología,59,84,ok,Puntuacion 84 guardada
900,ia-bloqueando-comunicaciones,El Gran Filtro: La IA bloqueando las comunicaciones humanas por seguridad,ia bloqueando comunicaciones,59,84,ok,Puntuacion 84 guardada
894,hibernacion-humana-metamorfosis,Invierno Humano: La metamorfosis del cuerpo si entráramos en hibernación profunda,hibernacion humana,59,84,ok,Puntuacion 84 guardada
893,herencias-prohibidas-reset-generacional,Herencias prohibidas: El impacto de comenzar desde cero en cada generación,herencias prohibidas economia,59,84,ok,Puntuacion 84 guardada
892,guerra-drones-sin-humanos,Guerra de Drones: El primer conflicto mundial sin un solo soldado humano,guerra de drones ia,59,84,ok,Puntuacion 84 guardada
896,hibridos-hombre-maquina-biologia,Híbridos hombre-máquina: El punto exacto donde termina la biología pura,hibridos hombre maquina,59,84,ok,Puntuacion 84 guardada
891,gravedad-negativa-energia-oscura,La gran separación: Cuando la energía oscura aparte todos los átomos,energia oscura big rip,59,84,ok,Puntuacion 84 guardada
884,fuga-de-fotones-oscuridad-total,El desvanecimiento: Cuando los fotones abandonen el universo,fuga de fotones oscuridad,59,84,ok,Puntuacion 84 guardada
887,gigantismo-aracnidos-mutacion,Gigantismo de los arácnidos: Arañas del tamaño de lobos por mutación urbana,aranas gigantes mutacion,59,84,ok,Puntuacion 84 guardada
885,fusion-simbiotica-hongos-piel,Fusión simbiótica: Humanos que requieren de hongos en la piel para sobrevivir,simbiosis humanos hongos,59,84,ok,Puntuacion 84 guardada
889,gravedad-cero-musculos-humanos,Cuerpo de cristal: La atrofia total de vivir en ingravidez permanente,gravedad cero musculos salud,59,84,ok,Puntuacion 84 guardada
886,gigantes-rojas-absorben-sistema,El festín estelar: Cuando el Sol devore los planetas internos,gigantes rojas absorben planetas,59,84,ok,Puntuacion 84 guardada
879,fin-patentes-investigacion-medica,Fin de las patentes: El estallido de la innovación y el caos en la investigación médica,fin de las patentes economia,59,84,ok,Puntuacion 84 guardada
883,fotosintesis-inversa-absorber-oscuridad,Fotosíntesis inversa: Organismos que absorben oscuridad y emiten luz pura,fotosintesis inversa organismos,59,84,ok,Puntuacion 84 guardada
880,fin-propiedad-privada-suscripcion,"El fin de la propiedad privada: No tendrás nada y serás feliz, la simulación real",fin de la propiedad privada,59,92,ok,Puntuacion 92 guardada
882,flora-bioluminiscente-ciudades-arboles,Flora bioluminiscente: Ciudades iluminadas únicamente por árboles genéticamente alterados,arboles bioluminiscentes ciudades,59,84,ok,Puntuacion 84 guardada
881,fin-subsidios-agricolas-precios,Fin de los subsidios agrícolas: El precio real y aterrador de una simple manzana,fin de los subsidios agricolas,59,84,ok,Puntuacion 84 guardada
876,fin-del-viaje-espacial-gravedad,La cárcel de gravedad: Por qué nunca podremos salir de la Tierra si cruzamos el límite de combustible,carcel de gravedad cohetes,59,84,ok,Puntuacion 84 guardada
875,fin-bancos-fisicos-boveda-personal,El fin de los Bancos: Un sistema donde cada ciudadano es su propia bóveda financiera,el fin de los bancos,59,92,ok,Puntuacion 92 guardada
878,fin-intermediarios-bienes-raices,"Sin intermediarios: La desaparición total de agentes inmobiliarios, brókers y revendedores",desaparicion de intermediarios blockchain,59,84,ok,Puntuacion 84 guardada
877,fin-escasez-artificial-diamantes,Fin de la escasez artificial: El derrumbe del mercado de los diamantes y el lujo,fin escasez artificial diamantes,59,84,ok,Puntuacion 84 guardada
874,extincion-perros-impacto-psicologico,La extinción de los perros: El impacto psicológico global sin el mejor amigo del hombre,extincion de los perros,59,84,ok,Puntuacion 84 guardada
872,evolucion-branquias-humanas,Evolución forzada: El desarrollo de branquias humanas tras la gran inundación,branquias humanas evolucion,59,84,ok,Puntuacion 84 guardada
870,estrellas-de-neutrones-cuchillo-atomo,Densidad infinita: Una cucharada de estrella de neutrones en la Tierra,estrella de neutrones cucharada,59,84,ok,Puntuacion 84 guardada
869,estado-control-total-empresas,Financiación masiva del Estado: Toda empresa controlada al 100% por el gobierno,estado controla empresas,59,84,ok,Puntuacion 84 guardada
873,expropiacion-billonarios-limite-riqueza,Expropiación de billonarios: Qué pasaría si nadie pudiera tener más de mil millones,limite de riqueza billonarios,59,84,ok,Puntuacion 84 guardada
871,estrellas-fugaces-mortales,Polvo letal: Qué pasa si una estrella fugaz entra a la atmósfera a velocidad extrema,estrella fugaz impacto,59,84,ok,Puntuacion 84 guardada
867,espejo-cosmico-copia-tierra,El gemelo perdido: Qué pasaría si descubrimos una Tierra idéntica al otro lado del Sol,tierra al otro lado del sol,59,84,ok,Puntuacion 84 guardada
862,eliminacion-clases-medias,Eliminación de las clases medias: La simulación de una sociedad solo de ricos y pobres,eliminacion de la clase media,59,84,ok,Puntuacion 84 guardada
868,esperanza-vida-200-anos,Esperanza de vida 200 años: El envejecimiento extremo del sistema óseo humano,esperanza de vida 200 anos,59,84,ok,Puntuacion 84 guardada
866,escaneres-adn-citas-romanticas,Escáneres de ADN portátiles: Las citas románticas basadas en compatibilidad genética,escaneres de adn portatiles,59,84,ok,Puntuacion 84 guardada
863,enana-blanca-reemplaza-sol,Muerte estelar: Qué pasaría si el Sol se convierte hoy en una Enana Blanca,enana blanca sol,59,84,ok,Puntuacion 84 guardada
860,el-ultimo-arbol-original-protegido,El último árbol: El valor incalculable de la última muestra de vida forestal original,el ultimo arbol del mundo,59,84,ok,Puntuacion 84 guardada
856,economia-subterranea-legalizada,Economía subterránea legalizada: Drogas y armas cotizando en el mercado abierto,economia subterranea legalizada,59,84,ok,Puntuacion 84 guardada
861,elecciones-ia-algoritmo-voto,Elecciones sin urnas: El algoritmo que decide el voto óptimo por ti,elecciones por algoritmo de ia,59,84,ok,Puntuacion 84 guardada
857,ecosistemas-subterraneos-migracion,Ecosistemas subterráneos: La migración de la vida hacia el interior de la Tierra,ecosistemas subterraneos vida,59,84,ok,Puntuacion 84 guardada
858,educacion-superior-exclusiva,Educación superior hiper-costosa: Universidades exclusivas para el 1% de la población,universidades exclusivas hiper costosas,59,84,ok,Puntuacion 84 guardada
852,dinero-genetico-monedas-adn,Dinero genético: Monedas programadas que solo el dueño del ADN puede gastar,dinero genetico adn,59,84,ok,Puntuacion 84 guardada
854,dispositivos-invisibilidad-seguridad,Dispositivos de invisibilidad: La crisis de seguridad en las grandes ciudades,dispositivos de invisibilidad,59,92,ok,Puntuacion 92 guardada
853,dinero-reputacion-social,Dinero basado en reputación social: Tu saldo atado a tus buenas acciones ciudadanas,dinero reputacion social china,59,84,ok,Puntuacion 84 guardada
855,economia-del-tiempo-moneda,Economía del tiempo: Usar los minutos de vida como la única moneda de cambio legal,economia del tiempo moneda,59,84,ok,Puntuacion 84 guardada
851,digestion-metales-dieta-chatarra,Digestión de metales: La nueva dieta para sobrevivir en un mundo de chatarra,digestion de metales humanos,59,84,ok,Puntuacion 84 guardada
846,desaparicion-fronteras-economicas,Desaparición de las fronteras económicas: El libre tránsito absoluto de bienes y personas,desaparicion de fronteras economia,59,84,ok,Puntuacion 84 guardada
848,desempleo-global-automatizacion,El fin del trabajo manual: La crisis del 80% de desempleo global por automatización,desempleo global automatizacion,59,84,ok,Puntuacion 84 guardada
847,desaparicion-plancton-asfixia,Desaparición del plancton: La asfixia lenta de la vida en la Tierra,desaparicion del plancton oxigeno,59,84,ok,Puntuacion 84 guardada
849,desierto-global-secado-amazonas,Desierto global: El secado absoluto del Río Amazonas y sus consecuencias,rio amazonas seco,59,84,ok,Puntuacion 84 guardada
845,desaparicion-comercio-minorista,La desaparición del comercio minorista: Todo entregado directamente desde las fábricas,desaparicion del comercio minorista,59,84,ok,Puntuacion 84 guardada
844,deepfakes-evidencia-legal,Deepfakes de estado: Cuando la verdad en video dejó de ser evidencia legal,deepfakes evidencia legal,59,84,ok,Puntuacion 84 guardada
843,curacion-acelerada-nanotecnologia,Curación acelerada: El suero nanotecnológico que repara huesos en minutos,curacion acelerada nanotecnologia,59,84,ok,Puntuacion 84 guardada
840,control-clima-satelite-guerra,Control del clima por satélite: La guerra mundial por la lluvia,control del clima por satelite,59,84,ok,Puntuacion 84 guardada
841,crecimiento-ilimitado-humanos,Crecimiento ilimitado: Qué pasaría si los humanos nunca dejaran de crecer,humanos nunca dejan de crecer,59,84,ok,Puntuacion 84 guardada
842,criptomonedas-obligatorias-exclusiones,Criptomonedas obligatorias: La muerte financiera de las generaciones mayores desconectadas,criptomonedas obligatorias,59,92,ok,Puntuacion 92 guardada
839,consumo-racionado-por-ia,Consumo racionado por IA: Algoritmos decidiendo cuánta comida puedes comprar al mes,consumo racionado ia,59,84,ok,Puntuacion 84 guardada
836,cometa-halley-impacto-tierra,El visitante maldito: Si el Cometa Halley chocara contra la Tierra,cometa halley impacto,59,84,ok,Puntuacion 84 guardada
838,comunicacion-telepatica-fauna,Comunicación telepática animal: Escuchando los pensamientos de la fauna salvaje,escuchar pensamientos de animales,59,84,ok,Puntuacion 84 guardada
837,comida-sintetica-impresa-supermercados,Comida sintética impresa: La desaparición de los supermercados tradicionales,comida sintetica impresa 3d,59,84,ok,Puntuacion 84 guardada
835,colision-andromeda-via-lactea,El choque de galaxias: Cuando Andrómeda colisione con la Vía Láctea,colision andromeda via lactea,59,84,ok,Puntuacion 84 guardada
831,cielo-sin-contaminacion-luminica,La Galaxia en tu ventana: Un apagón mundial revela la Vía Láctea,cielo sin contaminacion luminica,59,84,ok,Puntuacion 84 guardada
832,ciudades-inteligentes-control,Ciudades Inteligentes: Cuando los edificios decidieron apagar la calefacción,ciudades inteligentes ia,59,84,ok,Puntuacion 84 guardada
833,clonacion-voz-estafas,Clonación de voz exacta: El pánico mundial por las estafas telefónicas perfectas,clonacion de voz ia,59,84,ok,Puntuacion 84 guardada
829,choque-estelar-fuga-sistema,Estrellas fugitivas: Qué pasa si el Sol es expulsado de la Vía Láctea hacia el vacío,sol expulsado galaxia,59,84,ok,Puntuacion 84 guardada
834,codigo-autonomo-programacion-ia,Código autónomo: El software que empezó a programarse a sí mismo,codigo que se programa solo,59,84,ok,Puntuacion 84 guardada
824,ceguera-digital-pantallas-oculares,Pantallas oculares: La ceguera digital de la generación nacida en 2030,pantallas oculares ceguera,59,84,ok,Puntuacion 84 guardada
828,chip-cerebral-obligatorio-sociedad,Chip obligatorio: La sociedad clasificada por implantes cerebrales,chip cerebral obligatorio,59,84,ok,Puntuacion 84 guardada
825,ceguera-global-adaptacion-ciudades,Ceguera global: La adaptación de las ciudades en un mundo sin luz visual,ceguera global humanidad,59,84,ok,Puntuacion 84 guardada
827,cero-publicidad-colapso-medios,Cero publicidad: El colapso de los medios de comunicación y las redes sociales gratuitas,cero publicidad economia,59,84,ok,Puntuacion 84 guardada
826,cero-impuestos-pais-privado,Cero Impuestos: El aterrador modelo de un país sin recaudación pública,mundo sin impuestos,59,84,ok,Puntuacion 84 guardada
947,pagar-por-oxigeno-aire-limpio,Pagar por oxígeno: El mercado negro del aire limpio en megaciudades contaminadas,pagar por oxigeno aire limpio,59,84,ok,Puntuacion 84 guardada
890,gravedad-mitad-atrofia-muscular,Gravedad al 50%: La atrofia muscular masiva y la nueva arquitectura,gravedad de la tierra a la mitad,59,84,ok,Puntuacion 84 guardada
1005,telepatia-sintetica-fin-mentira,Telepatía sintética: El fin de la mentira y el colapso de la sociedad moderna,telepatia sintetica fin mentira,59,84,ok,Puntuacion 84 guardada
935,mundo-sin-numero-dos,El Universo Impar: La crisis total de la economía en un mundo sin el número dos,mundo sin numero dos,59,84,ok,Puntuacion 84 guardada
895,hibrido-oso-tigre-anatomia,El Híbrido Supremo: Anatomía y caza del imposible cruce entre oso y tigre,oso tigre hibrido,59,84,ok,Puntuacion 84 guardada
1016,tormenta-solar-fin-tecnologia,El Latigazo del Sol: La tormenta solar que quemaría toda la tecnología del mundo,tormenta solar apocalipsis,59,84,ok,Puntuacion 84 guardada
964,quiebra-bolsa-cierre-wall-street,La quiebra de la Bolsa: El cierre definitivo de Wall Street y sus consecuencias globales,quiebra de la bolsa wall street,59,84,ok,Puntuacion 84 guardada
830,ciberataque-red-electrica-europea,Ciber-ataques de infraestructura: El invierno en que apagaron la red eléctrica europea,ciberataque red electrica,59,84,ok,Puntuacion 84 guardada
979,retorno-trueque-sin-dinero,"El retorno del Trueque: Sobreviviendo sin monedas, billetes ni tarjetas de crédito",retorno al trueque economia,59,84,ok,Puntuacion 84 guardada
977,retorno-dinosaurios-ciudades,Retorno Jurásico: Simulación de supervivencia humana con dinosaurios en las calles,dinosaurios en la actualidad,59,84,ok,Puntuacion 84 guardada
888,gps-caido-caos-logistico,GPS caído: El caos logístico masivo en las primeras 24 horas sin satélites,caos por caida del GPS,59,84,ok,Puntuacion 84 guardada
864,energia-gratuita-quiebra-industrias,Energía a costo cero: Las 5 mega-industrias que quebrarían esta misma tarde,energia infinita gratuita,59,84,ok,Puntuacion 84 guardada
934,mundo-sin-mosquitos-colapso,El mundo sin zumbidos: El colapso en cadena si erradicamos a todos los mosquitos,erradicar los mosquitos ecosistema,59,84,ok,Puntuacion 84 guardada
1011,tierra-deja-de-girar,El día que la Tierra se detuvo: La catástrofe de los 1.600 km/h,tierra deja de girar,59,84,ok,Puntuacion 84 guardada
897,hielo-derretido-nuevo-mapa,Hielo derretido: El nuevo mapa del mundo 24 horas después del deshielo total,deshielo de los polos mapa,59,84,ok,Puntuacion 84 guardada
997,sol-desaparece-8-minutos,8 Minutos de Luz: El caos global cuando el Sol desapareció,sol desaparece,59,84,ok,Puntuacion 84 guardada
990,silencio-abejas-fin-polinizacion,El silencio de las abejas: Los meses contados de la humanidad sin polinización,extincion de las abejas,59,84,ok,Puntuacion 84 guardada
850,deuda-perdonada-jubileo-mundial,Deuda perdonada: Las 48 horas de caos si todo el crédito del mundo se borrara hoy,deuda mundial perdonada,59,84,ok,Puntuacion 84 guardada
859,efectivo-caducable-mensual,Efectivo caducable: La simulación de un dinero que se esfuma si no lo gastas,efectivo caducable economia,59,84,ok,Puntuacion 84 guardada
865,error-matrix-pruebas-simulacion,El error Matrix: Las pruebas de que ya vivimos en una simulación informática,pruebas de que vivimos en una simulación,59,84,ok,Puntuacion 84 guardada
820,boton-de-apagado-ia-global,El botón de apagado: Quién tiene el control maestro de la red global de IA,boton de apagado inteligencia artificial,59,84,ok,Puntuacion 84 guardada
822,burbuja-agua-dulce-bolsa,La burbuja del agua dulce: Cotización en bolsa de las últimas reservas potables,burbuja del agua dulce,59,84,ok,Puntuacion 84 guardada
823,carceles-virtuales-cadenas-perpetuas,Cárceles virtuales: El cumplimiento de cadenas perpetuas en milisegundos,carceles virtuales,59,84,ok,Puntuacion 84 guardada
821,brote-rayos-gamma-impacto,El flash letal: Un brote de rayos gamma impactando la atmósfera terrestre,brote rayos gamma tierra,59,84,ok,Puntuacion 84 guardada
819,bosques-gigantes-crecimiento-instantaneo,Crecimiento instantáneo: Bosques gigantes que aparecen en un solo día,crecimiento instantaneo de arboles,59,84,ok,Puntuacion 84 guardada
814,bacterias-devoran-plastico-evolucion,El continente plástico: La evolución de bacterias que devoran desechos,bacterias que comen plastico,59,84,ok,Puntuacion 84 guardada
816,biologia-herbivora-mutacion,Biología herbívora: La mutación del estómago humano al rechazar la carne,estomago humano rechaza la carne,59,84,ok,Puntuacion 84 guardada
817,borrado-memoria-traumas,Borrado de memoria: Las clínicas legales para olvidar traumas,borrado de memoria clinicas,59,84,ok,Puntuacion 84 guardada
818,borrado-social-psicologia-global,Borrado social: La reacción psicológica global tras la eliminación de todas las redes sociales,eliminacion de redes sociales psicologia,59,84,ok,Puntuacion 84 guardada
815,bebes-diseno-genetico-clases,Bebés de diseño genético: La división de clases sociales por mejoras de ADN,bebes de diseno genetico,59,84,ok,Puntuacion 84 guardada
809,arquitectura-dinamica-ciudades,Arquitectura dinámica: Ciudades que cambian de forma según el clima,arquitectura dinamica ciudades,59,84,ok,Puntuacion 84 guardada
810,arte-sin-artistas-museos-ia,Arte sin artistas: Los museos exclusivos de obras creadas por máquinas,arte creado por maquinas,59,84,ok,Puntuacion 84 guardada
811,asteroide-roza-tierra-luna,El roce de la muerte: El asteroide que pasó entre la Tierra y la Luna,asteroide entre tierra y luna,59,84,ok,Puntuacion 84 guardada
812,atencion-medica-privada-latido,La economía de la atención médica privada extrema: Pagar por latido cardíaco asistido,atencion medica capitalista,59,84,ok,Puntuacion 84 guardada
813,atmosfera-escapa-al-espacio,Sin aire: La fuga de la atmósfera terrestre en 7 días,atmosfera escapa al espacio,59,84,ok,Puntuacion 84 guardada
804,algoritmos-pareja-fin-divorcios,Algoritmos de pareja: El fin de los divorcios gracias al emparejamiento perfecto,emparejamiento perfecto ia,59,84,ok,Puntuacion 84 guardada
807,anomalia-magnetica-del-atlantico-espacio,La cicatriz del campo magnético: Anomalía del Atlántico Sur y los satélites ciegos,anomalia del atlantico sur,59,84,ok,Puntuacion 84 guardada
806,anillos-de-saturno-tierra,Cielo de Anillos: La Tierra con anillos como los de Saturno,tierra con anillos,59,92,ok,Puntuacion 92 guardada
805,anillos-de-hielo-cometas-impacto,Bombardeo orbital: La amenaza constante de los cometas de largo periodo,cometas de largo periodo amenaza,59,84,ok,Puntuacion 84 guardada
808,arboles-caminantes-adaptacion-botanica,Árboles caminantes: La adaptación botánica extrema para buscar agua,arboles que caminan mutacion,59,84,ok,Puntuacion 84 guardada
800,adaptacion-alta-presion-marina,Adaptación a la alta presión: Humanos diseñados para vivir en el fondo del mar,humanos viven fondo del mar,59,84,ok,Puntuacion 84 guardada
799,abismos-secos-fosa-marianas,Abismos secos: Lo que realmente esconde la Fosa de las Marianas sin agua,fosa de las marianas sin agua,59,92,ok,Puntuacion 92 guardada
801,agricultura-robotica-fin-hambruna,Agricultura robótica: El fin de la hambruna y el monopolio de las semillas,agricultura robotica ia,59,84,ok,Puntuacion 84 guardada
802,agujero-negro-tamano-moneda,La moneda oscura: Un agujero negro del tamaño de un centavo en Nueva York,agujero negro tamaño moneda,59,84,ok,Puntuacion 84 guardada
803,alas-humanas-biomecanica-vuelo,Alas humanas: La biomecánica necesaria para que el hombre pudiera volar,humanos con alas anatomia,59,84,ok,Puntuacion 84 guardada
789,apagon-global-internet-7-dias,El día que el internet murió: Cronología de los primeros 7 días de apagón global,apagon global de internet,59,84,ok,Puntuacion 84 guardada
790,colapso-financiero-virus-digital,Colapso financiero digital: Cuando un virus borró todo el dinero del planeta,virus borro dinero del planeta,59,84,ok,Puntuacion 84 guardada
792,fin-de-las-contrasenas-biometria,El fin de las contraseñas: El sistema biométrico que leerá tus pensamientos,fin de las contraseñas biometría,59,84,ok,Puntuacion 84 guardada
793,mundo-gobernado-por-ia,IA al mando: La aterradora simulación de un mundo gobernado por algoritmos,gobierno por inteligencia artificial,59,84,ok,Puntuacion 84 guardada
791,conciencia-en-la-nube-2050,Conciencia en la nube: El verdadero precio de subir tu mente a un servidor en 2050,subir la mente a la nube,59,84,ok,Puntuacion 84 guardada
1032,virus-antiguos-permafrost,Despertar de los virus antiguos: Las pandemias del permafrost derretido,virus permafrost derretido,59,84,dry-run,Simulación exitosa
1031,vigilancia-nivel-atomico-privacidad,Vigilancia a nivel atómico: El fin absoluto del concepto de privacidad,vigilancia a nivel atomico,59,84,dry-run,Simulación exitosa
1033,vivienda-gratuita-mercado-inmobiliario,Vivienda gratuita por ley: El colapso inmediato del mercado inmobiliario mundial,vivienda gratuita por ley,59,92,dry-run,Simulación exitosa
1029,vida-planeta-anclado-marea,Planeta Dos Caras: Sobrevivir en un mundo anclado por marea,planeta anclado por marea,59,84,dry-run,Simulación exitosa
1030,viento-solar-auroras-urbanas-letales,Cuando la aurora boreal baja al suelo: El colapso por radiación polar,aurora boreal baja al suelo,59,84,dry-run,Simulación exitosa
1032,virus-antiguos-permafrost,Despertar de los virus antiguos: Las pandemias del permafrost derretido,virus permafrost derretido,59,84,ok,Puntuacion 84 guardada
1031,vigilancia-nivel-atomico-privacidad,Vigilancia a nivel atómico: El fin absoluto del concepto de privacidad,vigilancia a nivel atomico,59,84,ok,Puntuacion 84 guardada
1033,vivienda-gratuita-mercado-inmobiliario,Vivienda gratuita por ley: El colapso inmediato del mercado inmobiliario mundial,vivienda gratuita por ley,59,92,ok,Puntuacion 92 guardada
1029,vida-planeta-anclado-marea,Planeta Dos Caras: Sobrevivir en un mundo anclado por marea,planeta anclado por marea,59,84,ok,Puntuacion 84 guardada
1030,viento-solar-auroras-urbanas-letales,Cuando la aurora boreal baja al suelo: El colapso por radiación polar,aurora boreal baja al suelo,59,84,ok,Puntuacion 84 guardada
1024,un-millon-al-nacer-hiperinflacion,Un millón al nacer: La hiperinflación catastrófica de regalar dinero a cada bebé,un millon de dolares al nacer,59,84,ok,Puntuacion 84 guardada
1028,vida-basada-en-silicio,Vida basada en silicio: El descubrimiento de organismos no basados en carbono,vida basada en silicio tierra,59,84,ok,Puntuacion 84 guardada
1026,velocidad-luz-100-kmh,Luz lenta: El caos relativista si la luz viajara a la velocidad de un auto,velocidad de la luz lenta,59,84,ok,Puntuacion 84 guardada
1027,veneno-humano-glandulas-defensa,Veneno humano: Desarrollo de glándulas tóxicas como mecanismo de defensa,humanos con veneno defensa,59,84,ok,Puntuacion 84 guardada
1025,universo-holografico-realidad-falsa,El eco holográfico: Las pruebas de que el universo es una proyección,universo holografico realidad,59,84,ok,Puntuacion 84 guardada
1020,traductores-neurales-idiomas,Traductores universales neurales: La desaparición del aprendizaje de idiomas,traductores neurales universales,59,84,ok,Puntuacion 84 guardada
1022,turismo-virtual-quiebra-aerolineas,Turismo virtual hiperrealista: La quiebra de la industria aeronáutica de pasajeros,turismo virtual hiperrealista,59,92,ok,Puntuacion 92 guardada
1023,un-ano-sin-noche-insomnio,Un año sin noche: La locura global por la alteración de los ritmos circadianos,un ano sin noche tierra,59,84,ok,Puntuacion 84 guardada
1021,trafico-aereo-urbano-autos-voladores,Tráfico aéreo urbano: La catástrofe de los autos voladores comerciales,autos voladores trafico aereo urbano,59,84,ok,Puntuacion 84 guardada
1019,traduccion-animal-ladridos,Traducción animal: Los primeros dispositivos que descifran los ladridos,traductor de animales ia,59,84,ok,Puntuacion 84 guardada
1017,trabajo-forzado-gimnasios-impuestos,Trabajo forzado lúdico: Generar electricidad en gimnasios como pago de impuestos,trabajo forzado energia gimnasios,59,84,ok,Puntuacion 84 guardada
1015,tierra-tamano-jupiter-gravedad,Planeta Masivo: Qué pasaría si la Tierra fuera del tamaño de Júpiter,tierra tamaño de jupiter,59,84,ok,Puntuacion 84 guardada
1013,tierra-se-expande-10-porciento,Planeta Inflado: Los desastres tectónicos si la Tierra creciera un 10%,tierra se expande,59,84,ok,Puntuacion 84 guardada
1018,trabajo-infantil-legalizado,Trabajo infantil legalizado: El impacto en los salarios globales de la mano de obra joven,trabajo infantil economia global,59,84,ok,Puntuacion 84 guardada
1014,tierra-se-vuelve-venus,El infierno hirviente: Si la Tierra sufriera un Efecto Invernadero Desbocado,tierra se vuelve venus,59,84,ok,Puntuacion 84 guardada
1010,tierra-con-dos-lunas,Tierra Binaria: El desastre climático de tener dos Lunas en nuestro cielo,tierra con dos lunas,59,84,ok,Puntuacion 84 guardada
1007,tiempo-se-detiene-horizonte-sucesos,Atrapados en el tiempo: Qué se siente cruzar el horizonte de un agujero negro,horizonte de sucesos agujero negro,59,84,ok,Puntuacion 84 guardada
1009,tierra-atraviesa-nebulosa-densa,Cielo Pintado: El viaje de la Tierra a través de una nebulosa de gases,tierra atraviesa nebulosa,59,84,ok,Puntuacion 84 guardada
1008,tiempo-y-espacio-relativo-gps,El retraso de Einstein: Por qué tu GPS depende de la Relatividad,relatividad gps tiempo,59,84,ok,Puntuacion 84 guardada
1012,tierra-orbita-enana-roja,Cielo Escarlata: La vida en la Tierra si nuestro Sol fuera una Enana Roja,tierra orbita enana roja,59,84,ok,Puntuacion 84 guardada
1002,supernova-cercana-tierra,La estrella explosiva: Sobrevivir a una Supernova vecina,supernova cercana a la tierra,59,84,ok,Puntuacion 84 guardada
1004,suscripcion-inmortalidad-millonaria,El costo de la inmortalidad: Suscripciones mensuales millonarias para no envejecer,costo de la inmortalidad,59,92,ok,Puntuacion 92 guardada
1003,suscripcion-ciudadania-nacionalidad,Subscripción por ciudadanía: Pagar una cuota mensual por tener nacionalidad de un país,suscripcion por ciudadania,59,84,ok,Puntuacion 84 guardada
1001,suenos-patrocinados-publicidad,Sueños patrocinados: Los anuncios publicitarios insertados en el cerebro al dormir,suenos patrocinados publicidad,59,84,ok,Puntuacion 84 guardada
1006,tiempo-cuantico-dilatacion-extrema,El segundo eterno: Simulación de congelamiento temporal por campos cuánticos intensos,dilatacion temporal extrema,59,84,ok,Puntuacion 84 guardada
996,sistema-solar-materia-oscura,El nudo invisible: El Sistema Solar cruzando una nube de Materia Oscura,materia oscura sistema solar,59,84,ok,Puntuacion 84 guardada
999,sol-gigante-roja-traga-tierra,El Sol Devorador: Cuando nuestra estrella se trague a Mercurio y Venus,sol gigante roja,59,84,ok,Puntuacion 84 guardada
998,sol-doble-sistema-binario-tierra,Dos soles en el cielo: Cómo sería vivir en un sistema estelar binario,sistema binario dos soles,59,84,ok,Puntuacion 84 guardada
1000,subastas-organos-legales,Subastas de órganos legales: El oscuro mercado libre de la anatomía humana,mercado de organos legal,59,84,ok,Puntuacion 84 guardada
995,sin-jubilacion-trabajo-eterno,Sin jubilación: Una sociedad estructurada para trabajar hasta el último día de vida,sin jubilacion economia,59,84,ok,Puntuacion 84 guardada
993,sin-dolor-extincion-rapida,Sin sentido del dolor: La extinción rápida por la incapacidad de detectar heridas,vivir sin sentir dolor,59,84,ok,Puntuacion 84 guardada
989,sexto-sentido-campos-magneticos,El sexto sentido: La detección de campos magnéticos terrestres por humanos,sexto sentido campos magneticos,59,84,ok,Puntuacion 84 guardada
994,sin-dormir-colapso-mental,Sin necesidad de dormir: Las 24 horas productivas y el colapso mental,humanidad sin dormir,59,84,ok,Puntuacion 84 guardada
992,sin-cuerdas-vocales-humanidad,Sin cuerdas vocales: Cómo se comunicaría la humanidad si perdiéramos la voz,humanidad sin cuerdas vocales,59,84,ok,Puntuacion 84 guardada
991,silencio-movil-sin-smartphones,Silencio móvil: El impacto biológico en los humanos al apagarse todos los smartphones,impacto de apagar los smartphones,59,84,ok,Puntuacion 84 guardada
987,semana-laboral-dos-dias,Semana de dos días: El impacto en el consumo de una jornada laboral de 16 horas,semana laboral de dos dias,59,84,ok,Puntuacion 84 guardada
988,semillas-extraterrestres-invasion,Especies invasoras alienígenas: Semillas extraterrestres germinando en la Tierra,semillas extraterrestres tierra,59,84,ok,Puntuacion 84 guardada
985,sangre-fria-humanos-reptiles,Sangre fría humana: Sobreviviendo a los extremos de temperatura como los reptiles,humanos de sangre fria,59,84,ok,Puntuacion 84 guardada
986,satelites-en-caida-libre-eterna,Caer sin tocar el suelo: La física invisible detrás de cada satélite en órbita,satelites en orbita caida libre,59,84,ok,Puntuacion 84 guardada
984,salarios-calorias-quemadas,Salarios basados en calorías físicas quemadas: El retorno a la economía del esfuerzo puro,salario por calorias quemadas,59,84,ok,Puntuacion 84 guardada
982,salario-emocional-realidad-virtual,Salario emocional: Trabajos que pagan exclusivamente en experiencias de realidad virtual,salario emocional realidad virtual,59,84,ok,Puntuacion 84 guardada
978,retorno-megafauna-mamuts,El retorno de la megafauna: Perezosos gigantes y mamuts en el siglo XXI,clonacion de mamuts megafauna,59,84,ok,Puntuacion 84 guardada
980,robots-con-derechos-laborales,Robots con derechos: La primera huelga mundial de máquinas autónomas,robots con derechos huelga,59,84,ok,Puntuacion 84 guardada
983,salario-universal-obligatorio,El fin del trabajo: Tu cuenta bancaria en un sistema de Salario Universal Obligatorio,salario universal obligatorio,59,92,ok,Puntuacion 92 guardada
981,ropa-inteligente-emociones,Ropa inteligente: Las prendas que monitorean tus emociones en tiempo real,ropa inteligente emociones,59,84,ok,Puntuacion 84 guardada
972,regreso-megalodon-superdepredador,Superdepredadores marinos: El regreso simulado del Megalodón a las costas,regreso del megalodon,59,84,ok,Puntuacion 84 guardada
973,renta-por-datos-personales,Renta por datos personales: El nuevo salario de vender tu privacidad a los gigantes tech,renta por datos personales,59,92,ok,Puntuacion 92 guardada
974,reproduccion-asexual-humana-fin-relaciones,Reproducción asexual humana: El fin de las relaciones y la genética estática,reproduccion asexual humana,59,84,ok,Puntuacion 84 guardada
976,resurreccion-digital-avatares,Resurrección digital: Chatear en tiempo real con avatares de seres fallecidos,resurreccion digital de muertos,59,84,ok,Puntuacion 84 guardada
975,resistencia-radiacion-nuclear,Resistencia a la radiación: Adaptaciones extremas post-guerra nuclear,resistencia a la radiacion humana,59,84,ok,Puntuacion 84 guardada
971,regeneracion-extremidades-salamandras,Recuperación de extremidades: Regeneración humana al estilo de las salamandras,regeneracion de extremidades humanas,59,84,ok,Puntuacion 84 guardada
967,realidad-virtual-indistinguible,Realidad indistinguible: Cuando desconectarse del Metaverso se volvió imposible,realidad virtual indistinguible de la real,59,84,ok,Puntuacion 84 guardada
970,redes-neuronales-planetarias,Redes neuronales planetarias: La Tierra funcionando como un solo cerebro gigante,redes neuronales planetarias,59,92,ok,Puntuacion 92 guardada
968,rebelion-ganado-animales-hablan,La rebelión del ganado: El colapso de la civilización si los animales hablaran,que pasa si los animales hablaran,59,84,ok,Puntuacion 84 guardada
969,reciclaje-obligatorio-economia-chatarra,La economía de la chatarra: Reciclaje obligatorio como base del PIB nacional,reciclaje obligatorio pib,59,84,ok,Puntuacion 84 guardada
962,pulsar-cercano-emision-ondas-radio,El faro de la muerte: Los peligros de vivir cerca de un púlsar giratorio,pulsar estrella cercania peligro,59,84,ok,Puntuacion 84 guardada
966,rayos-cosmicos-interferencia-cerebral,El destello en tu retina: Rayos cósmicos cruzando tus ojos en un vuelo de avión,rayos cosmicos destello retina,59,84,ok,Puntuacion 84 guardada
965,quiebra-empresas-petroleras,Baterías infinitas: La quiebra simultánea de todas las empresas petroleras,quiebra empresas petroleras baterias,59,84,ok,Puntuacion 84 guardada
963,quiebra-aseguradoras-sin-proteccion,"Quiebra de las aseguradoras: Un mundo sin seguros de vida, coche ni salud",mundo sin aseguradoras,59,84,ok,Puntuacion 84 guardada
961,prohibicion-conducir-humanos,Vehículos sin volante: La prohibición legal de conducir para los humanos,prohibicion de conducir autos,59,84,ok,Puntuacion 84 guardada
960,profesores-ia-cierre-escuelas,Profesores IA: El cierre masivo de escuelas primarias y secundarias,profesores ia escuelas,59,84,ok,Puntuacion 84 guardada
958,polinizacion-robotica-drones,Polinización robótica: Ecosistemas mantenidos artificialmente por micro-drones,polinizacion robotica drones,59,84,ok,Puntuacion 84 guardada
959,precio-fijo-universal-comercio,Precio fijo universal: El caos de que un pan cueste lo mismo en todo el planeta,precio fijo universal,59,92,ok,Puntuacion 92 guardada
956,planeta-errante-cruza-sistema,Planeta Errante: El gigante oscuro que cruzó nuestro Sistema Solar,planeta errante sistema solar,59,84,ok,Puntuacion 84 guardada
957,policia-predictiva-arrestos-ia,Policía predictiva: Arrestos basados en la probabilidad de cometer un crimen,policia predictiva ia,59,84,ok,Puntuacion 84 guardada
952,piel-camaleonica-camuflaje,Piel camaleónica: Cambio de color humano según el estado de ánimo y el entorno,piel camaleonica humanos,59,84,ok,Puntuacion 84 guardada
953,piel-fotosintetica-alimentacion-sol,Piel fotosintética: La modificación humana para alimentarse del sol,piel fotosintetica humana,59,84,ok,Puntuacion 84 guardada
954,piel-titanio-modificacion-genetica,Piel de titanio: Modificación genética para soportar impactos balísticos,piel de titanio modificacion genetica,59,84,ok,Puntuacion 84 guardada
955,planeta-de-diamante-fundido,Lluvia y océanos de gemas: La economía y física de un planeta hecho de carbono puro,planeta de diamante,59,84,ok,Puntuacion 84 guardada
951,perdida-oido-vibraciones-tactiles,Pérdida del oído: La evolución de las vibraciones táctiles como lenguaje,perdida de la audicion evolucion,59,84,ok,Puntuacion 84 guardada
948,pago-por-atencion-publicidad,Pago por atención: Recibir ingresos directos por mirar anuncios de corporaciones,pago por ver publicidad,59,84,ok,Puntuacion 84 guardada
949,paradoja-de-fermi-silencio-espacial,El gran silencio: Por qué nadie responde a nuestras señales espaciales,paradoja de fermi silencio espacial,59,84,ok,Puntuacion 84 guardada
