slug,estado,detalle
apagon-global-internet-7-dias,ok,789
colapso-financiero-virus-digital,ok,790
conciencia-en-la-nube-2050,ok,791
fin-de-las-contrasenas-biometria,ok,792
mundo-gobernado-por-ia,ok,793
abismos-secos-fosa-marianas,ok,799
adaptacion-alta-presion-marina,ok,800
agricultura-robotica-fin-hambruna,ok,801
agujero-negro-tamano-moneda,ok,802
alas-humanas-biomecanica-vuelo,ok,803
algoritmos-pareja-fin-divorcios,ok,804
anillos-de-hielo-cometas-impacto,ok,805
anillos-de-saturno-tierra,ok,806
anomalia-magnetica-del-atlantico-espacio,ok,807
arboles-caminantes-adaptacion-botanica,ok,808
arquitectura-dinamica-ciudades,ok,809
arte-sin-artistas-museos-ia,ok,810
asteroide-roza-tierra-luna,ok,811
atencion-medica-privada-latido,ok,812
atmosfera-escapa-al-espacio,ok,813
bacterias-devoran-plastico-evolucion,ok,814
bebes-diseno-genetico-clases,ok,815
biologia-herbivora-mutacion,ok,816
borrado-memoria-traumas,ok,817
borrado-social-psicologia-global,ok,818
bosques-gigantes-crecimiento-instantaneo,ok,819
boton-de-apagado-ia-global,ok,820
brote-rayos-gamma-impacto,ok,821
burbuja-agua-dulce-bolsa,ok,822
carceles-virtuales-cadenas-perpetuas,ok,823
ceguera-digital-pantallas-oculares,ok,824
ceguera-global-adaptacion-ciudades,ok,825
cero-impuestos-pais-privado,ok,826
cero-publicidad-colapso-medios,ok,827
chip-cerebral-obligatorio-sociedad,ok,828
choque-estelar-fuga-sistema,ok,829
ciberataque-red-electrica-europea,ok,830
cielo-sin-contaminacion-luminica,ok,831
ciudades-inteligentes-control,ok,832
clonacion-voz-estafas,ok,833
codigo-autonomo-programacion-ia,ok,834
colision-andromeda-via-lactea,ok,835
cometa-halley-impacto-tierra,ok,836
comida-sintetica-impresa-supermercados,ok,837
comunicacion-telepatica-fauna,ok,838
consumo-racionado-por-ia,ok,839
control-clima-satelite-guerra,ok,840
crecimiento-ilimitado-humanos,ok,841
criptomonedas-obligatorias-exclusiones,ok,842
curacion-acelerada-nanotecnologia,ok,843
deepfakes-evidencia-legal,ok,844
desaparicion-comercio-minorista,ok,845
desaparicion-fronteras-economicas,ok,846
desaparicion-plancton-asfixia,ok,847
desempleo-global-automatizacion,ok,848
desierto-global-secado-amazonas,ok,849
deuda-perdonada-jubileo-mundial,ok,850
digestion-metales-dieta-chatarra,ok,851
dinero-genetico-monedas-adn,ok,852
dinero-reputacion-social,ok,853
dispositivos-invisibilidad-seguridad,ok,854
economia-del-tiempo-moneda,ok,855
economia-subterranea-legalizada,ok,856
ecosistemas-subterraneos-migracion,ok,857
educacion-superior-exclusiva,ok,858
efectivo-caducable-mensual,ok,859
el-ultimo-arbol-original-protegido,ok,860
elecciones-ia-algoritmo-voto,ok,861
eliminacion-clases-medias,ok,862
enana-blanca-reemplaza-sol,ok,863
energia-gratuita-quiebra-industrias,ok,864
error-matrix-pruebas-simulacion,ok,865
escaneres-adn-citas-romanticas,ok,866
espejo-cosmico-copia-tierra,ok,867
esperanza-vida-200-anos,ok,868
estado-control-total-empresas,ok,869
estrellas-de-neutrones-cuchillo-atomo,ok,870
estrellas-fugaces-mortales,ok,871
evolucion-branquias-humanas,ok,872
expropiacion-billonarios-limite-riqueza,ok,873
extincion-perros-impacto-psicologico,ok,874
fin-bancos-fisicos-boveda-personal,ok,875
fin-del-viaje-espacial-gravedad,ok,876
fin-escasez-artificial-diamantes,ok,877
fin-intermediarios-bienes-raices,ok,878
fin-patentes-investigacion-medica,ok,879
fin-propiedad-privada-suscripcion,ok,880
fin-subsidios-agricolas-precios,ok,881
flora-bioluminiscente-ciudades-arboles,ok,882
fotosintesis-inversa-absorber-oscuridad,ok,883
fuga-de-fotones-oscuridad-total,ok,884
fusion-simbiotica-hongos-piel,ok,885
gigantes-rojas-absorben-sistema,ok,886
gigantismo-aracnidos-mutacion,ok,887
gps-caido-caos-logistico,ok,888
gravedad-cero-musculos-humanos,ok,889
gravedad-mitad-atrofia-muscular,ok,890
gravedad-negativa-energia-oscura,ok,891
guerra-drones-sin-humanos,ok,892
herencias-prohibidas-reset-generacional,ok,893
hibernacion-humana-metamorfosis,ok,894
hibrido-oso-tigre-anatomia,ok,895
hibridos-hombre-maquina-biologia,ok,896
hielo-derretido-nuevo-mapa,ok,897
hologramas-fisicos-viajes,ok,898
huracanes-categoria-6-diarios,ok,899
ia-bloqueando-comunicaciones,ok,900
ilegalizacion-interes-prestamos,ok,901
impresion-3d-organos-humanos,ok,902
impuesto-belleza-fisica-genetica,ok,903
impuesto-carbono-personal-cuotas,ok,904
inmortalidad-biologica-estancamiento,ok,905
inmunidad-absoluta-fin-enfermedades,ok,906
inteligencia-chimpances-segunda-especie,ok,907
intercambio-de-vidas-mercado,ok,908
interfaces-hapticas-dolor-internet,ok,909
internet-cuantico-encriptacion,ok,910
invernacion-inversa-estivacion,ok,911
inversion-genetica-ninos-prodigio,ok,912
inversion-polos-magneticos-tierra,ok,913
jueces-ia-sistema-legal,ok,914
jupiter-reemplaza-luna,ok,915
lluvia-de-diamantes-en-neptuno,ok,916
luna-shatter-fragmentos,ok,917
luz-de-estrellas-muertas-realidad,ok,918
marea-roja-lunar-eclipse,ok,919
mascotas-roboticas-reemplazo,ok,920
materia-espejo-universo-paralelo,ok,921
medicion-estres-impuestos,ok,922
mercado-negro-recuerdos-digitales,ok,923
mercado-sueno-vender-descanso,ok,924
mercados-predictivos-extremos,ok,925
meteorito-antimateria-impacto,ok,926
meteorito-diamante-oceano,ok,927
micro-agujero-negro-tierra,ok,928
mineria-asteroides-desplome-economia,ok,929
moneda-global-unica-soberania,ok,930
monopolio-corporativo-unico-omnicorp,ok,931
muerte-termica-universo-simulacion,ok,932
multas-segun-ingresos,ok,933
mundo-sin-mosquitos-colapso,ok,934
mundo-sin-numero-dos,ok,935
musica-sintetica-ia-grammy,ok,936
mutacion-ocular-vision-infrarroja,ok,937
nanobots-medicos-privacidad,ok,938
noche-eterna-cometa-gigante,ok,939
nucleo-tierra-se-enfria,ok,940
oceanos-agua-dulce-extincion,ok,941
olas-de-gravedad-terrestre,ok,942
olfato-sabueso-infierno-sensorial,ok,943
oro-sin-valor-asteroide,ok,944
oxigeno-doble-insectos-gigantes,ok,945
pagar-por-luz-solar-corporaciones,ok,946
pagar-por-oxigeno-aire-limpio,ok,947
pago-por-atencion-publicidad,ok,948
paradoja-de-fermi-silencio-espacial,ok,949
penalizacion-del-ahorro-multas,ok,950
perdida-oido-vibraciones-tactiles,ok,951
piel-camaleonica-camuflaje,ok,952
piel-fotosintetica-alimentacion-sol,ok,953
piel-titanio-modificacion-genetica,ok,954
planeta-de-diamante-fundido,ok,955
planeta-errante-cruza-sistema,ok,956
policia-predictiva-arrestos-ia,ok,957
polinizacion-robotica-drones,ok,958
precio-fijo-universal-comercio,ok,959
profesores-ia-cierre-escuelas,ok,960
prohibicion-conducir-humanos,ok,961
pulsar-cercano-emision-ondas-radio,ok,962
quiebra-aseguradoras-sin-proteccion,ok,963
quiebra-bolsa-cierre-wall-street,ok,964
quiebra-empresas-petroleras,ok,965
rayos-cosmicos-interferencia-cerebral,ok,966
realidad-virtual-indistinguible,ok,967
rebelion-ganado-animales-hablan,ok,968
reciclaje-obligatorio-economia-chatarra,ok,969
redes-neuronales-planetarias,ok,970
regeneracion-extremidades-salamandras,ok,971
regreso-megalodon-superdepredador,ok,972
renta-por-datos-personales,ok,973
reproduccion-asexual-humana-fin-relaciones,ok,974
resistencia-radiacion-nuclear,ok,975
resurreccion-digital-avatares,ok,976
retorno-dinosaurios-ciudades,ok,977
retorno-megafauna-mamuts,ok,978
retorno-trueque-sin-dinero,ok,979
robots-con-derechos-laborales,ok,980
ropa-inteligente-emociones,ok,981
salario-emocional-realidad-virtual,ok,982
salario-universal-obligatorio,ok,983
salarios-calorias-quemadas,ok,984
sangre-fria-humanos-reptiles,ok,985
satelites-en-caida-libre-eterna,ok,986
semana-laboral-dos-dias,ok,987
semillas-extraterrestres-invasion,ok,988
sexto-sentido-campos-magneticos,ok,989
silencio-abejas-fin-polinizacion,ok,990
silencio-movil-sin-smartphones,ok,991
sin-cuerdas-vocales-humanidad,ok,992
sin-dolor-extincion-rapida,ok,993
sin-dormir-colapso-mental,ok,994
sin-jubilacion-trabajo-eterno,ok,995
sistema-solar-materia-oscura,ok,996
sol-desaparece-8-minutos,ok,997
sol-doble-sistema-binario-tierra,ok,998
sol-gigante-roja-traga-tierra,ok,999
subastas-organos-legales,ok,1000
suenos-patrocinados-publicidad,ok,1001
supernova-cercana-tierra,ok,1002
suscripcion-ciudadania-nacionalidad,ok,1003
suscripcion-inmortalidad-millonaria,ok,1004
telepatia-sintetica-fin-mentira,ok,1005
tiempo-cuantico-dilatacion-extrema,ok,1006
tiempo-se-detiene-horizonte-sucesos,ok,1007
tiempo-y-espacio-relativo-gps,ok,1008
tierra-atraviesa-nebulosa-densa,ok,1009
tierra-con-dos-lunas,ok,1010
tierra-deja-de-girar,ok,1011
tierra-orbita-enana-roja,ok,1012
tierra-se-expande-10-porciento,ok,1013
tierra-se-vuelve-venus,ok,1014
tierra-tamano-jupiter-gravedad,ok,1015
tormenta-solar-fin-tecnologia,ok,1016
trabajo-forzado-gimnasios-impuestos,ok,1017
trabajo-infantil-legalizado,ok,1018
traduccion-animal-ladridos,ok,1019
traductores-neurales-idiomas,ok,1020
trafico-aereo-urbano-autos-voladores,ok,1021
turismo-virtual-quiebra-aerolineas,ok,1022
un-ano-sin-noche-insomnio,ok,1023
un-millon-al-nacer-hiperinflacion,ok,1024
universo-holografico-realidad-falsa,ok,1025
velocidad-luz-100-kmh,ok,1026
veneno-humano-glandulas-defensa,ok,1027
vida-basada-en-silicio,ok,1028
vida-planeta-anclado-marea,ok,1029
viento-solar-auroras-urbanas-letales,ok,1030
vigilancia-nivel-atomico-privacidad,ok,1031
virus-antiguos-permafrost,ok,1032
vivienda-gratuita-mercado-inmobiliario,ok,1033
